{
	"files": [

	],
	"folders": {
		"Characters": {
			"files": [
				"character-1653616924.json"
			],
			"folders": {

			},
			"metadata": {
				"color": null,
				"folded": false
			}
		},
		"Definitions": {
			"files": [

			],
			"folders": {

			},
			"metadata": {
				"color": null,
				"folded": false
			}
		},
		"Themes": {
			"files": [
				"default-theme.cfg"
			],
			"folders": {

			},
			"metadata": {
				"color": null,
				"folded": false
			}
		},
		"Timelines": {
			"files": [

			],
			"folders": {
				"Explica": {
					"files": [
						"timeline-1654302730.json",
						"timeline-1654303282.json"
					],
					"folders": {

					},
					"metadata": {
						"color": null,
						"folded": false
					}
				},
				"HistoriaD": {
					"files": [
						"timeline-1654301564.json"
					],
					"folders": {

					},
					"metadata": {
						"color": null,
						"folded": false
					}
				},
				"Quiz": {
					"files": [
						"timeline-1653617077.json",
						"timeline-1653617632.json",
						"timeline-1653617739.json",
						"timeline-1653618292.json",
						"timeline-1653618294.json",
						"timeline-1653618295.json",
						"timeline-1654299827.json",
						"timeline-1654299832.json",
						"timeline-1654299836.json",
						"timeline-1654300010.json",
						"timeline-1654300628.json"
					],
					"folders": {

					},
					"metadata": {
						"color": null,
						"folded": true
					}
				}
			},
			"metadata": {
				"color": null,
				"folded": false
			}
		}
	}
}
