{
	"events": [
		{
			"background": "res://Sprits/PlaceHolderMenu.jpg",
			"event_id": "dialogic_021"
		},
		{
			"animation": "2-fade_in_up.gd",
			"animation_length": 1,
			"change_mirror_portrait": false,
			"change_z_index": false,
			"character": "character-1653616924.json",
			"event_id": "dialogic_002",
			"mirror_portrait": false,
			"portrait": "Default",
			"portrait_definition": "",
			"position": {
				"0": true,
				"1": false,
				"2": false,
				"3": false,
				"4": false
			},
			"type": 0,
			"z_index": 0
		},
		{
			"character": "character-1653616924.json",
			"event_id": "dialogic_001",
			"portrait": "",
			"text": "2) Marque a opção correta sobre a execução de uma reanimação cardiopulmonar (RCP).\nA) Se estiver sozinho ligue para o 192, caso contrário peça a alguém para ligar. Coloque a mão acima do osso esterno da vítima, exatamente entre os mamilos, ponha a outra mão em cima da primeira, com os dedos entrelaçados, faça 30 compressões no peito, pressione com ambas as mãos diretamente acima do esterno para fazer uma compressão, ajudando o batimento cardíaco.\nB) Com apenas uma mão faça 15 compressões no peito da vítima, após isso levante as pernas da vítima para melhorar a circulação.\nC) Consiste em fazer compressões com a vítima deitada com o peito para o chão, em uma frequência de 20 repetições."
		},
		{
			"character": "character-1653616924.json",
			"event_id": "dialogic_010",
			"options": [

			],
			"portrait": "",
			"question": ""
		},
		{
			"choice": "A) ",
			"condition": "",
			"definition": "",
			"event_id": "dialogic_011",
			"value": ""
		},
		{
			"character": "character-1653616924.json",
			"event_id": "dialogic_001",
			"portrait": "",
			"text": "Você acertou, vamos para próxima!!"
		},
		{
			"change_timeline": "timeline-1653617739.json",
			"event_id": "dialogic_020"
		},
		{
			"choice": "B)",
			"condition": "",
			"definition": "",
			"event_id": "dialogic_011",
			"value": ""
		},
		{
			"character": "character-1653616924.json",
			"event_id": "dialogic_001",
			"portrait": "",
			"text": "Você errou, tente novamente."
		},
		{
			"change_timeline": "timeline-1653617077.json",
			"event_id": "dialogic_020"
		},
		{
			"choice": "C) ",
			"condition": "",
			"definition": "",
			"event_id": "dialogic_011",
			"value": ""
		},
		{
			"character": "character-1653616924.json",
			"event_id": "dialogic_001",
			"portrait": "",
			"text": "Você errou, tente novamente."
		},
		{
			"change_timeline": "timeline-1653617077.json",
			"event_id": "dialogic_020"
		},
		{
			"choice": "Repetir",
			"condition": "",
			"definition": "",
			"event_id": "dialogic_011",
			"value": ""
		},
		{
			"change_timeline": "timeline-1653617632.json",
			"event_id": "dialogic_020"
		},
		{
			"event_id": "dialogic_013"
		}
	],
	"metadata": {
		"dialogic-version": "1.4.1",
		"file": "timeline-1653617632.json",
		"name": "q2"
	}
}
