{
	"events": [
		{
			"background": "res://Sprits/Salapix.png",
			"event_id": "dialogic_021"
		},
		{
			"animation": "2-fade_in_up.gd",
			"animation_length": 1,
			"change_mirror_portrait": false,
			"change_z_index": false,
			"character": "character-1653616924.json",
			"event_id": "dialogic_002",
			"mirror_portrait": false,
			"portrait": "Default",
			"portrait_definition": "",
			"position": {
				"0": true,
				"1": false,
				"2": false,
				"3": false,
				"4": false
			},
			"type": 0,
			"z_index": 0
		},
		{
			"character": "character-1653616924.json",
			"event_id": "dialogic_001",
			"portrait": "",
			"text": "Você deve medir os batimentos cardíacos de forma correta.\nUma dica do Dr.\nO pulso é um bom lugar para sentir os batimentos. Aproxime o indicador e o dedo médio da região próxima ao punho, até sentir os impulsos. lembre-se nunca use o polegar, você pode acabar sentindo seus próprios batimentos."
		},
		{
			"change_scene": "res://Cenas/Level1.tscn",
			"event_id": "dialogic_041"
		}
	],
	"metadata": {
		"dialogic-version": "1.4.1",
		"file": "timeline-1654302730.json",
		"name": "e1"
	}
}
