{
	"events": [
		{
			"background": "res://Sprits/Salapix.png",
			"event_id": "dialogic_021"
		},
		{
			"animation": "2-fade_in_up.gd",
			"animation_length": 1,
			"change_mirror_portrait": false,
			"change_z_index": false,
			"character": "character-1653616924.json",
			"event_id": "dialogic_002",
			"mirror_portrait": false,
			"portrait": "Default",
			"portrait_definition": "",
			"position": {
				"0": true,
				"1": false,
				"2": false,
				"3": false,
				"4": false
			},
			"type": 0,
			"z_index": 0
		},
		{
			"character": "character-1653616924.json",
			"event_id": "dialogic_001",
			"portrait": "",
			"text": "Agora você vai fazer uma simulação de uma Reanimação cardiopulmonar (RCP) basta seguir os passos do guia e permanecer calmo.\nTente se manter em uma boa frequência caso contrário ira falhar."
		},
		{
			"change_scene": "res://Cenas/Level2.tscn",
			"event_id": "dialogic_041"
		}
	],
	"metadata": {
		"dialogic-version": "1.4.1",
		"file": "timeline-1654303282.json",
		"name": "e2"
	}
}
