{
	"events": [
		{
			"background": "res://Sprits/PlaceHolderMenu.jpg",
			"event_id": "dialogic_021"
		},
		{
			"animation": "2-fade_in_up.gd",
			"animation_length": 1,
			"change_mirror_portrait": false,
			"change_z_index": false,
			"character": "character-1653616924.json",
			"event_id": "dialogic_002",
			"mirror_portrait": false,
			"portrait": "Default",
			"portrait_definition": "",
			"position": {
				"0": true,
				"1": false,
				"2": false,
				"3": false,
				"4": false
			},
			"type": 0,
			"z_index": 0
		},
		{
			"character": "character-1653616924.json",
			"event_id": "dialogic_001",
			"portrait": "",
			"text": "3) o que você deve fazer caso presencie um acidente de carro?\nA) Ligar para o 192, indicar a localização precisa do acidente, colocar um triangulo de sinalização na estrada (pelo menos 10 metros de distância), localizar possíveis riscos, caso o veículo ainda esteja funcionando tenha certeza de desligá-lo. Não puxar uma pessoa inconsciente do carro se não houver risco de incêndio ou explosão. \nB) Ligar para o 192, indicar a localização precisa do acidente, remover as vítimas de dentro do veículo e realizar uma reanimação cardiopulmonar enquanto espera a ajuda.\nC) Ligar para o 192, indicar a localização precisa do acidente, colocar um triangulo de sinalização na estrada (pelo menos 10 metros de distância) e aguardar a ajuda."
		},
		{
			"character": "character-1653616924.json",
			"event_id": "dialogic_010",
			"options": [

			],
			"portrait": "",
			"question": ""
		},
		{
			"choice": "A)",
			"condition": "",
			"definition": "",
			"event_id": "dialogic_011",
			"value": ""
		},
		{
			"character": "character-1653616924.json",
			"event_id": "dialogic_001",
			"portrait": "",
			"text": "Você acertou, vamos para próxima!!"
		},
		{
			"change_timeline": "timeline-1653618292.json",
			"event_id": "dialogic_020"
		},
		{
			"choice": "B)",
			"condition": "",
			"definition": "",
			"event_id": "dialogic_011",
			"value": ""
		},
		{
			"character": "character-1653616924.json",
			"event_id": "dialogic_001",
			"portrait": "",
			"text": "Você errou, tente novamente."
		},
		{
			"change_timeline": "timeline-1653617077.json",
			"event_id": "dialogic_020"
		},
		{
			"choice": "C)",
			"condition": "",
			"definition": "",
			"event_id": "dialogic_011",
			"value": ""
		},
		{
			"character": "character-1653616924.json",
			"event_id": "dialogic_001",
			"portrait": "",
			"text": "Você errou, tente novamente."
		},
		{
			"change_timeline": "timeline-1653617077.json",
			"event_id": "dialogic_020"
		},
		{
			"choice": "Repetir",
			"condition": "",
			"definition": "",
			"event_id": "dialogic_011",
			"value": ""
		},
		{
			"change_timeline": "timeline-1653617739.json",
			"event_id": "dialogic_020"
		},
		{
			"event_id": "dialogic_013"
		}
	],
	"metadata": {
		"dialogic-version": "1.4.1",
		"file": "timeline-1653617739.json",
		"name": "q3"
	}
}
