{
	"events": [
		{
			"background": "res://Sprits/PlaceHolderMenu.jpg",
			"event_id": "dialogic_021"
		},
		{
			"animation": "2-fade_in_up.gd",
			"animation_length": 1,
			"change_mirror_portrait": false,
			"change_z_index": false,
			"character": "character-1653616924.json",
			"event_id": "dialogic_002",
			"mirror_portrait": false,
			"portrait": "Default",
			"portrait_definition": "",
			"position": {
				"0": true,
				"1": false,
				"2": false,
				"3": false,
				"4": false
			},
			"type": 0,
			"z_index": 0
		},
		{
			"character": "character-1653616924.json",
			"event_id": "dialogic_010",
			"options": [

			],
			"portrait": "",
			"question": "8) Em caso de queimaduras indique a opção correta."
		},
		{
			"choice": "A) Em uma queimadura leve, basta apenas colocar pasta de dente no local queimado.",
			"condition": "",
			"definition": "",
			"event_id": "dialogic_011",
			"value": ""
		},
		{
			"character": "character-1653616924.json",
			"event_id": "dialogic_001",
			"portrait": "",
			"text": "Você errou, tente novamente."
		},
		{
			"change_timeline": "timeline-1653617077.json",
			"event_id": "dialogic_020"
		},
		{
			"choice": "B) Em uma queimadura onde há formação de bolhas, você deve estourá-las o mais rápido possível.",
			"condition": "",
			"definition": "",
			"event_id": "dialogic_011",
			"value": ""
		},
		{
			"character": "character-1653616924.json",
			"event_id": "dialogic_001",
			"portrait": "",
			"text": "Você errou, tente novamente."
		},
		{
			"change_timeline": "timeline-1653617077.json",
			"event_id": "dialogic_020"
		},
		{
			"choice": "C) Em uma queimadura leve, água corrente é uma boa solução.",
			"condition": "",
			"definition": "",
			"event_id": "dialogic_011",
			"value": ""
		},
		{
			"character": "character-1653616924.json",
			"event_id": "dialogic_001",
			"portrait": "",
			"text": "Você acertou, vamos para próxima!!"
		},
		{
			"change_timeline": "timeline-1654299836.json",
			"event_id": "dialogic_020"
		},
		{
			"event_id": "dialogic_013"
		}
	],
	"metadata": {
		"dialogic-version": "1.4.1",
		"file": "timeline-1654299832.json",
		"name": "q8"
	}
}
