{
	"events": [
		{
			"background": "res://Sprits/Salapix.png",
			"event_id": "dialogic_021"
		},
		{
			"animation": "2-fade_in_up.gd",
			"animation_length": 1,
			"change_mirror_portrait": false,
			"change_z_index": false,
			"character": "character-1653616924.json",
			"event_id": "dialogic_002",
			"mirror_portrait": false,
			"portrait": "Default",
			"portrait_definition": "",
			"position": {
				"0": true,
				"1": false,
				"2": false,
				"3": false,
				"4": false
			},
			"type": 0,
			"z_index": 0
		},
		{
			"character": "character-1653616924.json",
			"event_id": "dialogic_001",
			"portrait": "",
			"text": "Seja bem vindo, você acaba de começar o teste, espero que você tenha estudado o nosso guia pois vai precisar.\nAgora você ira resolver 2 testes práticos."
		},
		{
			"character": "character-1653616924.json",
			"event_id": "dialogic_010",
			"options": [

			],
			"portrait": "",
			"question": "Preparado ?"
		},
		{
			"choice": "Sim",
			"condition": "",
			"definition": "",
			"event_id": "dialogic_011",
			"value": ""
		},
		{
			"character": "character-1653616924.json",
			"event_id": "dialogic_001",
			"portrait": "",
			"text": "Ok, vamos lá."
		},
		{
			"change_scene": "res://Cenas/Explica1D.tscn",
			"event_id": "dialogic_041"
		},
		{
			"choice": "Não",
			"condition": "",
			"definition": "",
			"event_id": "dialogic_011",
			"value": ""
		},
		{
			"character": "character-1653616924.json",
			"event_id": "dialogic_001",
			"portrait": "",
			"text": "Bom então estude mais um pouco"
		},
		{
			"change_scene": "res://Cenas/MenuInicial.tscn",
			"event_id": "dialogic_041"
		},
		{
			"event_id": "dialogic_013"
		}
	],
	"metadata": {
		"dialogic-version": "1.4.1",
		"file": "timeline-1654301564.json",
		"name": "h1"
	}
}
