{
	"events": [
		{
			"background": "res://Sprits/PlaceHolderMenu.jpg",
			"event_id": "dialogic_021"
		},
		{
			"animation": "2-fade_in_up.gd",
			"animation_length": 1,
			"change_mirror_portrait": false,
			"change_z_index": false,
			"character": "character-1653616924.json",
			"event_id": "dialogic_002",
			"mirror_portrait": false,
			"portrait": "Default",
			"portrait_definition": "",
			"position": {
				"0": true,
				"1": false,
				"2": false,
				"3": false,
				"4": false
			},
			"type": 0,
			"z_index": 0
		},
		{
			"character": "character-1653616924.json",
			"event_id": "dialogic_001",
			"portrait": "",
			"text": "6) Sobre primeiros socorros em caso de choque elétrico, a opção correta é?\na. Cubra qualquer área queimada com gaze esterilizada, atadura, pano limpo, cobertor ou uma toalha.\nb. Primeiramente desligue a fonte de alimentação, caso não seja possível, utilize um objeto seco, não condutor (feito de plástico, madeira ou papelão) para mover a fonte de alimentação da pessoa ferida. \nc. Caso a pessoa ainda esteja em contato com a corrente elétrica, retire ela rapidamente com as mãos nuas para evitar machucá-la."
		},
		{
			"character": "character-1653616924.json",
			"event_id": "dialogic_010",
			"options": [

			],
			"portrait": "",
			"question": ""
		},
		{
			"choice": "A)",
			"condition": "",
			"definition": "",
			"event_id": "dialogic_011",
			"value": ""
		},
		{
			"character": "character-1653616924.json",
			"event_id": "dialogic_001",
			"portrait": "",
			"text": "Você errou, tente novamente."
		},
		{
			"change_timeline": "timeline-1653617077.json",
			"event_id": "dialogic_020"
		},
		{
			"choice": "B) ",
			"condition": "",
			"definition": "",
			"event_id": "dialogic_011",
			"value": ""
		},
		{
			"character": "character-1653616924.json",
			"event_id": "dialogic_001",
			"portrait": "",
			"text": "Você acertou, vamos para próxima!!"
		},
		{
			"change_timeline": "timeline-1654299827.json",
			"event_id": "dialogic_020"
		},
		{
			"choice": "C) ",
			"condition": "",
			"definition": "",
			"event_id": "dialogic_011",
			"value": ""
		},
		{
			"character": "character-1653616924.json",
			"event_id": "dialogic_001",
			"portrait": "",
			"text": "Você errou, tente novamente."
		},
		{
			"change_timeline": "timeline-1653617077.json",
			"event_id": "dialogic_020"
		},
		{
			"choice": "Repetir",
			"condition": "",
			"definition": "",
			"event_id": "dialogic_011",
			"value": ""
		},
		{
			"change_timeline": "timeline-1653618295.json",
			"event_id": "dialogic_020"
		},
		{
			"event_id": "dialogic_013"
		}
	],
	"metadata": {
		"dialogic-version": "1.4.1",
		"file": "timeline-1653618295.json",
		"name": "q6"
	}
}
